
<?xml version="1.0" encoding="UTF-8" standalone="yes"?>
<wave>
	<elements>
		<element id="0" slot1="1" slot2="1" slot3="1" slot4="1" slot5="1" distance="460" global="230" monspeed="206"/>
		<element id="1" slot1="1" slot2="1" slot3="1" slot4="1" slot5="1" distance="460" global="230" monspeed="206"/>
		<element id="2" slot1="1" slot2="1" slot3="1" slot4="1" slot5="1" distance="460" global="230" monspeed="206"/>
		<element id="3" slot1="1" slot2="1" slot3="1" slot4="1" slot5="1" distance="463" global="235" monspeed="218"/>
		<element id="4" slot1="1" slot2="1" slot3="1" slot4="1" slot5="1" distance="463" global="235" monspeed="218"/>
		<element id="5" slot1="1" slot2="1" slot3="1" slot4="1" slot5="1" distance="463" global="235" monspeed="218"/>
		<element id="6" slot1="2" slot2="1" slot3="1" slot4="1" slot5="1" distance="483" global="249" monspeed="222"/>
		<element id="7" slot1="2" slot2="1" slot3="1" slot4="1" slot5="1" distance="483" global="249" monspeed="222"/>
		<element id="8" slot1="2" slot2="1" slot3="1" slot4="1" slot5="1" distance="483" global="249" monspeed="222"/>
		<element id="9" slot1="2" slot2="1" slot3="1" slot4="1" slot5="1" distance="504" global="264" monspeed="226"/>
		<element id="10" slot1="2" slot2="1" slot3="1" slot4="1" slot5="1" distance="504" global="264" monspeed="226"/>
		<element id="11" slot1="2" slot2="1" slot3="1" slot4="1" slot5="1" distance="504" global="264" monspeed="226"/>
		<element id="12" slot1="2" slot2="2" slot3="1" slot4="1" slot5="1" distance="515" global="274" monspeed="237"/>
		<element id="13" slot1="2" slot2="2" slot3="1" slot4="1" slot5="1" distance="515" global="274" monspeed="237"/>
		<element id="14" slot1="2" slot2="2" slot3="1" slot4="1" slot5="1" distance="515" global="274" monspeed="237"/>
		<element id="15" slot1="2" slot2="2" slot3="1" slot4="1" slot5="1" distance="525" global="284" monspeed="249"/>
		<element id="16" slot1="2" slot2="2" slot3="1" slot4="1" slot5="1" distance="525" global="284" monspeed="249"/>
		<element id="17" slot1="2" slot2="2" slot3="1" slot4="1" slot5="1" distance="525" global="284" monspeed="249"/>
		<element id="18" slot1="2" slot2="2" slot3="2" slot4="1" slot5="1" distance="535" global="294" monspeed="264"/>
		<element id="19" slot1="2" slot2="2" slot3="2" slot4="1" slot5="1" distance="535" global="294" monspeed="264"/>
		<element id="20" slot1="2" slot2="2" slot3="2" slot4="1" slot5="1" distance="535" global="294" monspeed="264"/>
		<element id="21" slot1="2" slot2="2" slot3="2" slot4="1" slot5="1" distance="544" global="304" monspeed="281"/>
		<element id="22" slot1="2" slot2="2" slot3="2" slot4="1" slot5="1" distance="544" global="304" monspeed="281"/>
		<element id="23" slot1="2" slot2="2" slot3="2" slot4="1" slot5="1" distance="544" global="304" monspeed="281"/>
		<element id="24" slot1="2" slot2="2" slot3="2" slot4="2" slot5="1" distance="553" global="314" monspeed="301"/>
		<element id="25" slot1="2" slot2="2" slot3="2" slot4="2" slot5="1" distance="553" global="314" monspeed="301"/>
		<element id="26" slot1="2" slot2="2" slot3="2" slot4="2" slot5="1" distance="553" global="314" monspeed="301"/>
		<element id="27" slot1="2" slot2="2" slot3="2" slot4="2" slot5="1" distance="561" global="324" monspeed="325"/>
		<element id="28" slot1="2" slot2="2" slot3="2" slot4="2" slot5="1" distance="561" global="324" monspeed="325"/>
		<element id="29" slot1="2" slot2="2" slot3="2" slot4="2" slot5="1" distance="561" global="324" monspeed="325"/>
		<element id="30" slot1="3" slot2="2" slot3="2" slot4="2" slot5="1" distance="590" global="338" monspeed="430"/>
		<element id="31" slot1="3" slot2="2" slot3="2" slot4="2" slot5="1" distance="575" global="338" monspeed="348"/>
		<element id="32" slot1="3" slot2="2" slot3="2" slot4="2" slot5="1" distance="575" global="338" monspeed="348"/>
		<element id="33" slot1="3" slot2="2" slot3="2" slot4="2" slot5="1" distance="581" global="348" monspeed="379"/>
		<element id="34" slot1="3" slot2="2" slot3="2" slot4="2" slot5="1" distance="581" global="348" monspeed="379"/>
		<element id="35" slot1="3" slot2="2" slot3="2" slot4="2" slot5="1" distance="581" global="348" monspeed="379"/>
		<element id="36" slot1="3" slot2="3" slot3="2" slot4="2" slot5="1" distance="587" global="358" monspeed="416"/>
		<element id="37" slot1="3" slot2="3" slot3="2" slot4="2" slot5="1" distance="587" global="358" monspeed="416"/>
		<element id="38" slot1="3" slot2="3" slot3="2" slot4="2" slot5="1" distance="587" global="358" monspeed="416"/>
		<element id="39" slot1="3" slot2="3" slot3="2" slot4="2" slot5="1" distance="592" global="368" monspeed="446"/>
		<element id="40" slot1="3" slot2="3" slot3="2" slot4="2" slot5="1" distance="592" global="368" monspeed="446"/>
		<element id="41" slot1="3" slot2="3" slot3="2" slot4="2" slot5="1" distance="592" global="368" monspeed="446"/>
		<element id="42" slot1="3" slot2="3" slot3="3" slot4="2" slot5="1" distance="597" global="378" monspeed="479"/>
		<element id="43" slot1="3" slot2="3" slot3="3" slot4="2" slot5="1" distance="597" global="378" monspeed="479"/>
		<element id="44" slot1="3" slot2="3" slot3="3" slot4="2" slot5="1" distance="597" global="378" monspeed="479"/>
		<element id="45" slot1="3" slot2="3" slot3="3" slot4="2" slot5="1" distance="605" global="388" monspeed="509"/>
		<element id="46" slot1="3" slot2="3" slot3="3" slot4="2" slot5="1" distance="605" global="388" monspeed="509"/>
		<element id="47" slot1="3" slot2="3" slot3="3" slot4="2" slot5="1" distance="605" global="388" monspeed="509"/>
		<element id="48" slot1="3" slot2="3" slot3="3" slot4="3" slot5="1" distance="613" global="398" monspeed="543"/>
		<element id="49" slot1="3" slot2="3" slot3="3" slot4="3" slot5="1" distance="613" global="398" monspeed="543"/>
		<element id="50" slot1="3" slot2="3" slot3="3" slot4="3" slot5="1" distance="613" global="398" monspeed="543"/>
		<element id="51" slot1="3" slot2="3" slot3="3" slot4="3" slot5="1" distance="620" global="408" monspeed="582"/>
		<element id="52" slot1="3" slot2="3" slot3="3" slot4="3" slot5="1" distance="620" global="408" monspeed="582"/>
		<element id="53" slot1="3" slot2="3" slot3="3" slot4="3" slot5="1" distance="620" global="408" monspeed="582"/>
		<element id="54" slot1="4" slot2="3" slot3="3" slot4="3" slot5="1" distance="637" global="423" monspeed="588"/>
		<element id="55" slot1="4" slot2="3" slot3="3" slot4="3" slot5="1" distance="637" global="423" monspeed="588"/>
		<element id="56" slot1="4" slot2="3" slot3="3" slot4="3" slot5="1" distance="637" global="423" monspeed="588"/>
		<element id="57" slot1="4" slot2="3" slot3="3" slot4="3" slot5="1" distance="637" global="423" monspeed="588"/>
		<element id="58" slot1="4" slot2="3" slot3="3" slot4="3" slot5="1" distance="650" global="438" monspeed="594"/>
		<element id="59" slot1="4" slot2="3" slot3="3" slot4="3" slot5="1" distance="650" global="438" monspeed="594"/>
		<element id="60" slot1="4" slot2="3" slot3="3" slot4="3" slot5="1" distance="650" global="438" monspeed="594"/>
		<element id="61" slot1="4" slot2="3" slot3="3" slot4="3" slot5="1" distance="650" global="438" monspeed="594"/>
		<element id="62" slot1="4" slot2="3" slot3="3" slot4="3" slot5="1" distance="664" global="453" monspeed="602"/>
		<element id="63" slot1="4" slot2="4" slot3="3" slot4="3" slot5="1" distance="664" global="453" monspeed="602"/>
		<element id="64" slot1="4" slot2="4" slot3="3" slot4="3" slot5="1" distance="664" global="453" monspeed="602"/>
		<element id="65" slot1="4" slot2="4" slot3="3" slot4="3" slot5="1" distance="664" global="453" monspeed="602"/>
		<element id="66" slot1="4" slot2="4" slot3="3" slot4="3" slot5="1" distance="676" global="468" monspeed="611"/>
		<element id="67" slot1="4" slot2="4" slot3="3" slot4="3" slot5="1" distance="676" global="468" monspeed="611"/>
		<element id="68" slot1="4" slot2="4" slot3="3" slot4="3" slot5="1" distance="676" global="468" monspeed="611"/>
		<element id="69" slot1="4" slot2="4" slot3="3" slot4="3" slot5="1" distance="676" global="468" monspeed="611"/>
		<element id="70" slot1="4" slot2="4" slot3="3" slot4="3" slot5="1" distance="688" global="483" monspeed="620"/>
		<element id="71" slot1="4" slot2="4" slot3="3" slot4="3" slot5="1" distance="688" global="483" monspeed="620"/>
		<element id="72" slot1="4" slot2="4" slot3="3" slot4="3" slot5="1" distance="688" global="483" monspeed="620"/>
		<element id="73" slot1="4" slot2="4" slot3="4" slot4="3" slot5="1" distance="688" global="483" monspeed="620"/>
		<element id="74" slot1="4" slot2="4" slot3="4" slot4="3" slot5="1" distance="700" global="498" monspeed="631"/>
		<element id="75" slot1="4" slot2="4" slot3="4" slot4="3" slot5="1" distance="700" global="498" monspeed="631"/>
		<element id="76" slot1="4" slot2="4" slot3="4" slot4="3" slot5="1" distance="700" global="498" monspeed="631"/>
		<element id="77" slot1="4" slot2="4" slot3="4" slot4="3" slot5="1" distance="700" global="498" monspeed="631"/>
		<element id="78" slot1="4" slot2="4" slot3="4" slot4="3" slot5="1" distance="711" global="513" monspeed="644"/>
		<element id="79" slot1="4" slot2="4" slot3="4" slot4="3" slot5="1" distance="711" global="513" monspeed="644"/>
		<element id="80" slot1="4" slot2="4" slot3="4" slot4="3" slot5="1" distance="711" global="513" monspeed="644"/>
		<element id="81" slot1="4" slot2="4" slot3="4" slot4="3" slot5="1" distance="711" global="513" monspeed="644"/>
		<element id="82" slot1="4" slot2="4" slot3="4" slot4="3" slot5="1" distance="721" global="528" monspeed="657"/>
		<element id="83" slot1="4" slot2="4" slot3="4" slot4="4" slot5="1" distance="721" global="528" monspeed="657"/>
		<element id="84" slot1="4" slot2="4" slot3="4" slot4="4" slot5="1" distance="721" global="528" monspeed="657"/>
		<element id="85" slot1="4" slot2="4" slot3="4" slot4="4" slot5="1" distance="721" global="528" monspeed="657"/>
		<element id="86" slot1="4" slot2="4" slot3="4" slot4="4" slot5="1" distance="730" global="543" monspeed="672"/>
		<element id="87" slot1="4" slot2="4" slot3="4" slot4="4" slot5="1" distance="730" global="543" monspeed="672"/>
		<element id="88" slot1="4" slot2="4" slot3="4" slot4="4" slot5="1" distance="730" global="543" monspeed="672"/>
		<element id="89" slot1="5" slot2="4" slot3="4" slot4="4" slot5="1" distance="730" global="543" monspeed="672"/>
		<element id="90" slot1="5" slot2="4" slot3="4" slot4="4" slot5="1" distance="739" global="558" monspeed="689"/>
		<element id="91" slot1="5" slot2="4" slot3="4" slot4="4" slot5="1" distance="739" global="558" monspeed="689"/>
		<element id="92" slot1="5" slot2="4" slot3="4" slot4="4" slot5="1" distance="739" global="558" monspeed="689"/>
		<element id="93" slot1="5" slot2="4" slot3="4" slot4="4" slot5="1" distance="739" global="558" monspeed="689"/>
		<element id="94" slot1="5" slot2="4" slot3="4" slot4="4" slot5="1" distance="714" global="573" monspeed="707"/>
		<element id="95" slot1="5" slot2="4" slot3="4" slot4="4" slot5="1" distance="748" global="573" monspeed="707"/>
		<element id="96" slot1="5" slot2="4" slot3="4" slot4="4" slot5="1" distance="748" global="573" monspeed="707"/>
		<element id="97" slot1="5" slot2="4" slot3="4" slot4="4" slot5="1" distance="748" global="573" monspeed="707"/>
		<element id="98" slot1="5" slot2="5" slot3="4" slot4="4" slot5="1" distance="748" global="573" monspeed="707"/>
		<element id="99" slot1="5" slot2="5" slot3="4" slot4="4" slot5="1" distance="756" global="588" monspeed="727"/>
		<element id="100" slot1="5" slot2="5" slot3="4" slot4="4" slot5="1" distance="756" global="588" monspeed="727"/>
		<element id="101" slot1="5" slot2="5" slot3="4" slot4="4" slot5="1" distance="756" global="588" monspeed="727"/>
		<element id="102" slot1="5" slot2="5" slot3="4" slot4="4" slot5="1" distance="756" global="588" monspeed="727"/>
		<element id="103" slot1="5" slot2="5" slot3="4" slot4="4" slot5="1" distance="756" global="588" monspeed="727"/>
		<element id="104" slot1="5" slot2="5" slot3="4" slot4="4" slot5="1" distance="756" global="598" monspeed="754"/>
		<element id="105" slot1="5" slot2="5" slot3="4" slot4="4" slot5="1" distance="756" global="598" monspeed="754"/>
		<element id="106" slot1="5" slot2="5" slot3="4" slot4="4" slot5="1" distance="756" global="598" monspeed="754"/>
		<element id="107" slot1="5" slot2="5" slot3="4" slot4="4" slot5="1" distance="756" global="598" monspeed="754"/>
		<element id="108" slot1="5" slot2="5" slot3="4" slot4="4" slot5="1" distance="757" global="608" monspeed="783"/>
		<element id="109" slot1="5" slot2="5" slot3="5" slot4="4" slot5="1" distance="757" global="608" monspeed="783"/>
		<element id="110" slot1="5" slot2="5" slot3="5" slot4="4" slot5="1" distance="757" global="608" monspeed="783"/>
		<element id="111" slot1="5" slot2="5" slot3="5" slot4="4" slot5="1" distance="757" global="608" monspeed="783"/>
		<element id="112" slot1="5" slot2="5" slot3="5" slot4="4" slot5="1" distance="757" global="618" monspeed="815"/>
		<element id="113" slot1="5" slot2="5" slot3="5" slot4="4" slot5="1" distance="757" global="618" monspeed="815"/>
		<element id="114" slot1="5" slot2="5" slot3="5" slot4="4" slot5="1" distance="769" global="618" monspeed="815"/>
		<element id="115" slot1="5" slot2="5" slot3="5" slot4="4" slot5="1" distance="769" global="618" monspeed="815"/>
		<element id="116" slot1="5" slot2="5" slot3="5" slot4="4" slot5="1" distance="769" global="618" monspeed="815"/>
		<element id="117" slot1="5" slot2="5" slot3="5" slot4="4" slot5="1" distance="769" global="628" monspeed="849"/>
		<element id="118" slot1="5" slot2="5" slot3="5" slot4="4" slot5="1" distance="769" global="628" monspeed="849"/>
		<element id="119" slot1="5" slot2="5" slot3="5" slot4="4" slot5="1" distance="769" global="628" monspeed="849"/>
		<element id="120" slot1="5" slot2="5" slot3="5" slot4="5" slot5="1" distance="769" global="628" monspeed="849"/>
		<element id="121" slot1="5" slot2="5" slot3="5" slot4="5" slot5="1" distance="769" global="628" monspeed="849"/>
		<element id="122" slot1="5" slot2="5" slot3="5" slot4="5" slot5="1" distance="769" global="638" monspeed="886"/>
		<element id="123" slot1="5" slot2="5" slot3="5" slot4="5" slot5="1" distance="769" global="638" monspeed="886"/>
		<element id="124" slot1="5" slot2="5" slot3="5" slot4="5" slot5="1" distance="769" global="638" monspeed="886"/>
		<element id="125" slot1="5" slot2="5" slot3="5" slot4="5" slot5="1" distance="769" global="638" monspeed="886"/>
		<element id="126" slot1="5" slot2="5" slot3="5" slot4="5" slot5="1" distance="769" global="638" monspeed="886"/>
		<element id="127" slot1="5" slot2="5" slot3="5" slot4="5" slot5="1" distance="768" global="648" monspeed="926"/>
		<element id="128" slot1="5" slot2="5" slot3="5" slot4="5" slot5="1" distance="768" global="648" monspeed="926"/>
		<element id="129" slot1="5" slot2="5" slot3="5" slot4="5" slot5="1" distance="768" global="648" monspeed="926"/>
		<element id="130" slot1="5" slot2="5" slot3="5" slot4="5" slot5="1" distance="768" global="648" monspeed="926"/>
		<element id="131" slot1="5" slot2="5" slot3="5" slot4="5" slot5="1" distance="768" global="648" monspeed="926"/>
		<element id="132" slot1="6" slot2="5" slot3="5" slot4="5" slot5="1" distance="767" global="658" monspeed="969"/>
		<element id="133" slot1="6" slot2="5" slot3="5" slot4="5" slot5="1" distance="767" global="658" monspeed="969"/>
		<element id="134" slot1="6" slot2="5" slot3="5" slot4="5" slot5="1" distance="767" global="658" monspeed="969"/>
		<element id="135" slot1="6" slot2="5" slot3="5" slot4="5" slot5="1" distance="767" global="658" monspeed="969"/>
		<element id="136" slot1="6" slot2="5" slot3="5" slot4="5" slot5="1" distance="767" global="658" monspeed="969"/>
		<element id="137" slot1="6" slot2="5" slot3="5" slot4="5" slot5="1" distance="783" global="684" monspeed="986"/>
		<element id="138" slot1="6" slot2="5" slot3="5" slot4="5" slot5="1" distance="783" global="684" monspeed="986"/>
		<element id="139" slot1="6" slot2="5" slot3="5" slot4="5" slot5="1" distance="783" global="684" monspeed="986"/>
		<element id="140" slot1="6" slot2="5" slot3="5" slot4="5" slot5="1" distance="783" global="684" monspeed="986"/>
		<element id="141" slot1="6" slot2="5" slot3="5" slot4="5" slot5="1" distance="783" global="684" monspeed="986"/>
		<element id="142" slot1="6" slot2="5" slot3="5" slot4="5" slot5="1" distance="783" global="684" monspeed="986"/>
		<element id="143" slot1="6" slot2="5" slot3="5" slot4="5" slot5="1" distance="783" global="684" monspeed="986"/>
		<element id="144" slot1="6" slot2="5" slot3="5" slot4="5" slot5="1" distance="783" global="684" monspeed="986"/>
		<element id="145" slot1="6" slot2="5" slot3="5" slot4="5" slot5="1" distance="783" global="684" monspeed="986"/>
		<element id="146" slot1="6" slot2="5" slot3="5" slot4="5" slot5="1" distance="775" global="689" monspeed="1010"/>
		<element id="147" slot1="6" slot2="5" slot3="5" slot4="5" slot5="1" distance="775" global="689" monspeed="1010"/>
		<element id="148" slot1="6" slot2="6" slot3="5" slot4="5" slot5="1" distance="775" global="689" monspeed="1010"/>
		<element id="149" slot1="6" slot2="6" slot3="5" slot4="5" slot5="1" distance="775" global="689" monspeed="1010"/>
		<element id="150" slot1="6" slot2="6" slot3="5" slot4="5" slot5="1" distance="775" global="689" monspeed="1010"/>
		<element id="151" slot1="6" slot2="6" slot3="5" slot4="5" slot5="1" distance="775" global="689" monspeed="1010"/>
		<element id="152" slot1="6" slot2="6" slot3="5" slot4="5" slot5="1" distance="767" global="694" monspeed="1036"/>
		<element id="153" slot1="6" slot2="6" slot3="5" slot4="5" slot5="1" distance="767" global="694" monspeed="1036"/>
		<element id="154" slot1="6" slot2="6" slot3="5" slot4="5" slot5="1" distance="767" global="694" monspeed="1036"/>
		<element id="155" slot1="6" slot2="6" slot3="5" slot4="5" slot5="1" distance="767" global="694" monspeed="1036"/>
		<element id="156" slot1="6" slot2="6" slot3="5" slot4="5" slot5="1" distance="767" global="694" monspeed="1036"/>
		<element id="157" slot1="6" slot2="6" slot3="5" slot4="5" slot5="1" distance="767" global="694" monspeed="1036"/>
		<element id="158" slot1="6" slot2="6" slot3="5" slot4="5" slot5="1" distance="767" global="694" monspeed="1036"/>
		<element id="159" slot1="6" slot2="6" slot3="5" slot4="5" slot5="1" distance="762" global="702" monspeed="1059"/>
		<element id="160" slot1="6" slot2="6" slot3="5" slot4="5" slot5="1" distance="762" global="702" monspeed="1059"/>
		<element id="161" slot1="6" slot2="6" slot3="5" slot4="5" slot5="1" distance="762" global="702" monspeed="1059"/>
		<element id="162" slot1="6" slot2="6" slot3="5" slot4="5" slot5="1" distance="762" global="702" monspeed="1059"/>
		<element id="163" slot1="6" slot2="6" slot3="5" slot4="5" slot5="1" distance="762" global="702" monspeed="1059"/>
		<element id="164" slot1="6" slot2="6" slot3="5" slot4="5" slot5="1" distance="762" global="702" monspeed="1059"/>
		<element id="165" slot1="6" slot2="6" slot3="5" slot4="5" slot5="1" distance="756" global="710" monspeed="1084"/>
		<element id="166" slot1="6" slot2="6" slot3="6" slot4="5" slot5="1" distance="756" global="710" monspeed="1084"/>
		<element id="167" slot1="6" slot2="6" slot3="6" slot4="5" slot5="1" distance="756" global="710" monspeed="1084"/>
		<element id="168" slot1="6" slot2="6" slot3="6" slot4="5" slot5="1" distance="756" global="710" monspeed="1084"/>
		<element id="169" slot1="6" slot2="6" slot3="6" slot4="5" slot5="1" distance="756" global="710" monspeed="1084"/>
		<element id="170" slot1="6" slot2="6" slot3="6" slot4="5" slot5="1" distance="756" global="710" monspeed="1084"/>
		<element id="171" slot1="6" slot2="6" slot3="6" slot4="5" slot5="1" distance="757" global="718" monspeed="1111"/>
		<element id="172" slot1="6" slot2="6" slot3="6" slot4="5" slot5="1" distance="757" global="718" monspeed="1111"/>
		<element id="173" slot1="6" slot2="6" slot3="6" slot4="5" slot5="1" distance="757" global="718" monspeed="1111"/>
		<element id="174" slot1="6" slot2="6" slot3="6" slot4="5" slot5="1" distance="757" global="718" monspeed="1111"/>
		<element id="175" slot1="6" slot2="6" slot3="6" slot4="5" slot5="1" distance="757" global="718" monspeed="1111"/>
		<element id="176" slot1="6" slot2="6" slot3="6" slot4="5" slot5="1" distance="757" global="718" monspeed="1111"/>
		<element id="177" slot1="6" slot2="6" slot3="6" slot4="5" slot5="1" distance="759" global="726" monspeed="1138"/>
		<element id="178" slot1="6" slot2="6" slot3="6" slot4="5" slot5="1" distance="759" global="726" monspeed="1138"/>
		<element id="179" slot1="6" slot2="6" slot3="6" slot4="5" slot5="1" distance="759" global="726" monspeed="1138"/>
		<element id="180" slot1="6" slot2="6" slot3="6" slot4="5" slot5="1" distance="759" global="726" monspeed="1138"/>
		<element id="181" slot1="6" slot2="6" slot3="6" slot4="5" slot5="1" distance="759" global="726" monspeed="1138"/>
		<element id="182" slot1="6" slot2="6" slot3="6" slot4="5" slot5="1" distance="759" global="726" monspeed="1138"/>
		<element id="183" slot1="6" slot2="6" slot3="6" slot4="5" slot5="1" distance="760" global="734" monspeed="1167"/>
		<element id="184" slot1="6" slot2="6" slot3="6" slot4="5" slot5="1" distance="760" global="734" monspeed="1167"/>
		<element id="185" slot1="6" slot2="6" slot3="6" slot4="5" slot5="1" distance="760" global="734" monspeed="1167"/>
		<element id="186" slot1="6" slot2="6" slot3="6" slot4="6" slot5="1" distance="760" global="734" monspeed="1167"/>
		<element id="187" slot1="6" slot2="6" slot3="6" slot4="6" slot5="1" distance="760" global="734" monspeed="1167"/>
		<element id="188" slot1="6" slot2="6" slot3="6" slot4="6" slot5="1" distance="760" global="734" monspeed="1167"/>
		<element id="189" slot1="6" slot2="6" slot3="6" slot4="6" slot5="1" distance="760" global="734" monspeed="1167"/>
		<element id="190" slot1="6" slot2="6" slot3="6" slot4="6" slot5="1" distance="760" global="734" monspeed="1167"/>
		<element id="191" slot1="6" slot2="6" slot3="6" slot4="6" slot5="1" distance="761" global="742" monspeed="1178"/>
		<element id="192" slot1="6" slot2="6" slot3="6" slot4="6" slot5="1" distance="761" global="742" monspeed="1178"/>
		<element id="193" slot1="6" slot2="6" slot3="6" slot4="6" slot5="1" distance="761" global="742" monspeed="1178"/>
		<element id="194" slot1="6" slot2="6" slot3="6" slot4="6" slot5="1" distance="761" global="742" monspeed="1178"/>
		<element id="195" slot1="6" slot2="6" slot3="6" slot4="6" slot5="1" distance="761" global="742" monspeed="1178"/>
		<element id="196" slot1="6" slot2="6" slot3="6" slot4="6" slot5="1" distance="761" global="742" monspeed="1178"/>
		<element id="197" slot1="6" slot2="6" slot3="6" slot4="6" slot5="1" distance="761" global="750" monspeed="1189"/>
		<element id="198" slot1="6" slot2="6" slot3="6" slot4="6" slot5="1" distance="769" global="750" monspeed="1189"/>
		<element id="199" slot1="6" slot2="6" slot3="6" slot4="6" slot5="1" distance="769" global="750" monspeed="1189"/>
		<element id="200" slot1="6" slot2="6" slot3="6" slot4="6" slot5="1" distance="769" global="750" monspeed="1189"/>
		<element id="201" slot1="6" slot2="6" slot3="6" slot4="6" slot5="1" distance="769" global="750" monspeed="1189"/>
		<element id="202" slot1="6" slot2="6" slot3="6" slot4="6" slot5="1" distance="769" global="750" monspeed="1189"/>
		<element id="203" slot1="6" slot2="6" slot3="6" slot4="6" slot5="1" distance="769" global="758" monspeed="1201"/>
		<element id="204" slot1="6" slot2="6" slot3="6" slot4="6" slot5="1" distance="769" global="758" monspeed="1201"/>
		<element id="205" slot1="6" slot2="6" slot3="6" slot4="6" slot5="1" distance="769" global="758" monspeed="1201"/>
		<element id="206" slot1="6" slot2="6" slot3="6" slot4="6" slot5="1" distance="769" global="758" monspeed="1201"/>
		<element id="207" slot1="6" slot2="6" slot3="6" slot4="6" slot5="1" distance="769" global="758" monspeed="1201"/>
		<element id="208" slot1="7" slot2="6" slot3="6" slot4="6" slot5="1" distance="769" global="758" monspeed="1201"/>
		<element id="209" slot1="7" slot2="6" slot3="6" slot4="6" slot5="1" distance="770" global="766" monspeed="1213"/>
		<element id="210" slot1="7" slot2="6" slot3="6" slot4="6" slot5="1" distance="777" global="766" monspeed="1213"/>
		<element id="211" slot1="7" slot2="6" slot3="6" slot4="6" slot5="1" distance="777" global="766" monspeed="1213"/>
		<element id="212" slot1="7" slot2="6" slot3="6" slot4="6" slot5="1" distance="777" global="766" monspeed="1213"/>
		<element id="213" slot1="7" slot2="6" slot3="6" slot4="6" slot5="1" distance="777" global="766" monspeed="1213"/>
		<element id="214" slot1="7" slot2="7" slot3="6" slot4="6" slot5="1" distance="777" global="766" monspeed="1213"/>
		<element id="215" slot1="7" slot2="7" slot3="6" slot4="6" slot5="1" distance="778" global="774" monspeed="1226"/>
		<element id="216" slot1="7" slot2="7" slot3="6" slot4="6" slot5="1" distance="778" global="774" monspeed="1226"/>
		<element id="217" slot1="7" slot2="7" slot3="6" slot4="6" slot5="1" distance="778" global="774" monspeed="1226"/>
		<element id="218" slot1="7" slot2="7" slot3="6" slot4="6" slot5="1" distance="778" global="774" monspeed="1226"/>
		<element id="219" slot1="7" slot2="7" slot3="6" slot4="6" slot5="1" distance="778" global="774" monspeed="1226"/>
		<element id="220" slot1="7" slot2="7" slot3="7" slot4="6" slot5="1" distance="783" global="779" monspeed="1242"/>
		<element id="221" slot1="7" slot2="7" slot3="7" slot4="6" slot5="1" distance="783" global="779" monspeed="1242"/>
		<element id="222" slot1="7" slot2="7" slot3="7" slot4="6" slot5="1" distance="783" global="779" monspeed="1242"/>
		<element id="223" slot1="7" slot2="7" slot3="7" slot4="6" slot5="1" distance="783" global="779" monspeed="1242"/>
		<element id="224" slot1="7" slot2="7" slot3="7" slot4="6" slot5="1" distance="783" global="779" monspeed="1242"/>
		<element id="225" slot1="7" slot2="7" slot3="7" slot4="6" slot5="1" distance="780" global="784" monspeed="1259"/>
		<element id="226" slot1="7" slot2="7" slot3="7" slot4="7" slot5="1" distance="780" global="784" monspeed="1259"/>
		<element id="227" slot1="7" slot2="7" slot3="7" slot4="7" slot5="1" distance="780" global="784" monspeed="1259"/>
		<element id="228" slot1="7" slot2="7" slot3="7" slot4="7" slot5="1" distance="780" global="784" monspeed="1259"/>
		<element id="229" slot1="7" slot2="7" slot3="7" slot4="7" slot5="1" distance="780" global="784" monspeed="1259"/>
		<element id="230" slot1="7" slot2="7" slot3="7" slot4="7" slot5="1" distance="785" global="789" monspeed="1276"/>
		<element id="231" slot1="7" slot2="7" slot3="7" slot4="7" slot5="1" distance="785" global="789" monspeed="1276"/>
		<element id="232" slot1="7" slot2="7" slot3="7" slot4="7" slot5="1" distance="785" global="789" monspeed="1276"/>
		<element id="233" slot1="7" slot2="7" slot3="7" slot4="7" slot5="1" distance="785" global="789" monspeed="1276"/>
		<element id="234" slot1="7" slot2="7" slot3="7" slot4="7" slot5="1" distance="785" global="789" monspeed="1276"/>
		<element id="235" slot1="7" slot2="7" slot3="7" slot4="7" slot5="1" distance="782" global="794" monspeed="1293"/>
		<element id="236" slot1="7" slot2="7" slot3="7" slot4="7" slot5="1" distance="782" global="794" monspeed="1293"/>
		<element id="237" slot1="7" slot2="7" slot3="7" slot4="7" slot5="1" distance="782" global="794" monspeed="1293"/>
		<element id="238" slot1="7" slot2="7" slot3="7" slot4="7" slot5="1" distance="782" global="794" monspeed="1293"/>
		<element id="239" slot1="7" slot2="7" slot3="7" slot4="7" slot5="1" distance="782" global="794" monspeed="1293"/>
		<element id="240" slot1="7" slot2="7" slot3="7" slot4="7" slot5="1" distance="787" global="799" monspeed="1311"/>
		<element id="241" slot1="7" slot2="7" slot3="7" slot4="7" slot5="1" distance="787" global="799" monspeed="1311"/>
		<element id="242" slot1="7" slot2="7" slot3="7" slot4="7" slot5="1" distance="787" global="799" monspeed="1311"/>
		<element id="243" slot1="7" slot2="7" slot3="7" slot4="7" slot5="1" distance="787" global="799" monspeed="1311"/>
		<element id="244" slot1="7" slot2="7" slot3="7" slot4="7" slot5="1" distance="787" global="799" monspeed="1311"/>
		<element id="245" slot1="7" slot2="7" slot3="7" slot4="7" slot5="1" distance="784" global="804" monspeed="1329"/>
		<element id="246" slot1="7" slot2="7" slot3="7" slot4="7" slot5="1" distance="784" global="804" monspeed="1329"/>
		<element id="247" slot1="7" slot2="7" slot3="7" slot4="7" slot5="1" distance="784" global="804" monspeed="1329"/>
		<element id="248" slot1="7" slot2="7" slot3="7" slot4="7" slot5="1" distance="784" global="804" monspeed="1329"/>
		<element id="249" slot1="7" slot2="7" slot3="7" slot4="7" slot5="1" distance="784" global="804" monspeed="1329"/>
		<element id="250" slot1="7" slot2="7" slot3="7" slot4="7" slot5="1" distance="784" global="804" monspeed="1329"/>
		<element id="251" slot1="7" slot2="7" slot3="7" slot4="7" slot5="1" distance="789" global="809" monspeed="1348"/>
		<element id="252" slot1="7" slot2="7" slot3="7" slot4="7" slot5="1" distance="789" global="809" monspeed="1348"/>
		<element id="253" slot1="7" slot2="7" slot3="7" slot4="7" slot5="1" distance="789" global="809" monspeed="1348"/>
		<element id="254" slot1="7" slot2="7" slot3="7" slot4="7" slot5="1" distance="789" global="809" monspeed="1348"/>
		<element id="255" slot1="7" slot2="7" slot3="7" slot4="7" slot5="1" distance="789" global="809" monspeed="1348"/>
		<element id="256" slot1="7" slot2="7" slot3="7" slot4="7" slot5="1" distance="789" global="809" monspeed="1348"/>
		<element id="257" slot1="7" slot2="7" slot3="7" slot4="7" slot5="1" distance="786" global="814" monspeed="1368"/>
		<element id="258" slot1="7" slot2="7" slot3="7" slot4="7" slot5="1" distance="786" global="814" monspeed="1368"/>
		<element id="259" slot1="7" slot2="7" slot3="7" slot4="7" slot5="1" distance="786" global="814" monspeed="1368"/>
		<element id="260" slot1="7" slot2="7" slot3="7" slot4="7" slot5="1" distance="786" global="814" monspeed="1368"/>
		<element id="261" slot1="7" slot2="7" slot3="7" slot4="7" slot5="1" distance="786" global="814" monspeed="1368"/>
		<element id="262" slot1="7" slot2="7" slot3="7" slot4="7" slot5="1" distance="779" global="814" monspeed="1368"/>
		<element id="263" slot1="7" slot2="7" slot3="7" slot4="7" slot5="1" distance="779" global="814" monspeed="1368"/>
		<element id="264" slot1="7" slot2="7" slot3="7" slot4="7" slot5="1" distance="779" global="814" monspeed="1368"/>
		<element id="265" slot1="7" slot2="7" slot3="7" slot4="7" slot5="1" distance="779" global="814" monspeed="1368"/>
		<element id="266" slot1="7" slot2="7" slot3="7" slot4="7" slot5="1" distance="779" global="814" monspeed="1368"/>
		<element id="267" slot1="7" slot2="7" slot3="7" slot4="7" slot5="1" distance="777" global="819" monspeed="1383"/>
		<element id="268" slot1="7" slot2="7" slot3="7" slot4="7" slot5="1" distance="777" global="819" monspeed="1383"/>
		<element id="269" slot1="7" slot2="7" slot3="7" slot4="7" slot5="1" distance="777" global="819" monspeed="1383"/>
		<element id="270" slot1="7" slot2="7" slot3="7" slot4="7" slot5="1" distance="777" global="819" monspeed="1383"/>
		<element id="271" slot1="7" slot2="7" slot3="7" slot4="7" slot5="1" distance="777" global="819" monspeed="1383"/>
		<element id="272" slot1="7" slot2="7" slot3="7" slot4="7" slot5="1" distance="777" global="819" monspeed="1383"/>
		<element id="273" slot1="7" slot2="7" slot3="7" slot4="7" slot5="1" distance="771" global="819" monspeed="1383"/>
		<element id="274" slot1="7" slot2="7" slot3="7" slot4="7" slot5="1" distance="771" global="819" monspeed="1383"/>
		<element id="275" slot1="7" slot2="7" slot3="7" slot4="7" slot5="1" distance="771" global="819" monspeed="1383"/>
		<element id="276" slot1="7" slot2="7" slot3="7" slot4="7" slot5="1" distance="771" global="819" monspeed="1383"/>
		<element id="277" slot1="7" slot2="7" slot3="7" slot4="7" slot5="1" distance="771" global="819" monspeed="1383"/>
		<element id="278" slot1="7" slot2="7" slot3="7" slot4="7" slot5="1" distance="771" global="819" monspeed="1383"/>
		<element id="279" slot1="7" slot2="7" slot3="7" slot4="7" slot5="1" distance="769" global="824" monspeed="1398"/>
		<element id="280" slot1="7" slot2="7" slot3="7" slot4="7" slot5="1" distance="769" global="824" monspeed="1398"/>
		<element id="281" slot1="7" slot2="7" slot3="7" slot4="7" slot5="1" distance="769" global="824" monspeed="1398"/>
		<element id="282" slot1="7" slot2="7" slot3="7" slot4="7" slot5="1" distance="769" global="824" monspeed="1398"/>
		<element id="283" slot1="7" slot2="7" slot3="7" slot4="7" slot5="1" distance="769" global="824" monspeed="1398"/>
		<element id="284" slot1="7" slot2="7" slot3="7" slot4="7" slot5="1" distance="762" global="824" monspeed="1398"/>
		<element id="285" slot1="7" slot2="7" slot3="7" slot4="7" slot5="1" distance="762" global="824" monspeed="1398"/>
		<element id="286" slot1="7" slot2="7" slot3="7" slot4="7" slot5="1" distance="762" global="824" monspeed="1398"/>
		<element id="287" slot1="7" slot2="7" slot3="7" slot4="7" slot5="1" distance="762" global="824" monspeed="1398"/>
		<element id="288" slot1="7" slot2="7" slot3="7" slot4="7" slot5="1" distance="762" global="824" monspeed="1398"/>
		<element id="289" slot1="7" slot2="7" slot3="7" slot4="7" slot5="1" distance="760" global="829" monspeed="1414"/>
		<element id="290" slot1="7" slot2="7" slot3="7" slot4="7" slot5="1" distance="760" global="829" monspeed="1414"/>
		<element id="291" slot1="7" slot2="7" slot3="7" slot4="7" slot5="1" distance="760" global="829" monspeed="1414"/>
		<element id="292" slot1="7" slot2="7" slot3="7" slot4="7" slot5="1" distance="760" global="829" monspeed="1414"/>
		<element id="293" slot1="7" slot2="7" slot3="7" slot4="7" slot5="1" distance="760" global="829" monspeed="1414"/>
		<element id="294" slot1="7" slot2="7" slot3="7" slot4="7" slot5="1" distance="760" global="829" monspeed="1414"/>
		<element id="295" slot1="7" slot2="7" slot3="7" slot4="7" slot5="1" distance="754" global="829" monspeed="1414"/>
		<element id="296" slot1="7" slot2="7" slot3="7" slot4="7" slot5="1" distance="754" global="829" monspeed="1414"/>
		<element id="297" slot1="7" slot2="7" slot3="7" slot4="7" slot5="1" distance="754" global="829" monspeed="1414"/>
		<element id="298" slot1="7" slot2="7" slot3="7" slot4="7" slot5="1" distance="754" global="829" monspeed="1414"/>
		<element id="299" slot1="7" slot2="7" slot3="7" slot4="7" slot5="1" distance="754" global="829" monspeed="1414"/>
		<element id="300" slot1="7" slot2="7" slot3="7" slot4="7" slot5="1" distance="754" global="829" monspeed="1414"/>
		<element id="301" slot1="7" slot2="7" slot3="7" slot4="7" slot5="1" distance="751" global="834" monspeed="1430"/>
		<element id="302" slot1="7" slot2="7" slot3="7" slot4="7" slot5="1" distance="751" global="834" monspeed="1430"/>
		<element id="303" slot1="7" slot2="7" slot3="7" slot4="7" slot5="1" distance="751" global="834" monspeed="1430"/>
		<element id="304" slot1="7" slot2="7" slot3="7" slot4="7" slot5="1" distance="751" global="834" monspeed="1430"/>
		<element id="305" slot1="7" slot2="7" slot3="7" slot4="7" slot5="1" distance="751" global="834" monspeed="1430"/>
		<element id="306" slot1="7" slot2="7" slot3="7" slot4="7" slot5="1" distance="751" global="834" monspeed="1430"/>
		<element id="307" slot1="7" slot2="7" slot3="7" slot4="7" slot5="1" distance="745" global="834" monspeed="1430"/>
		<element id="308" slot1="7" slot2="7" slot3="7" slot4="7" slot5="1" distance="745" global="834" monspeed="1430"/>
		<element id="309" slot1="7" slot2="7" slot3="7" slot4="7" slot5="1" distance="745" global="834" monspeed="1430"/>
		<element id="310" slot1="7" slot2="7" slot3="7" slot4="7" slot5="1" distance="745" global="834" monspeed="1430"/>
		<element id="311" slot1="7" slot2="7" slot3="7" slot4="7" slot5="1" distance="745" global="834" monspeed="1430"/>
		<element id="312" slot1="7" slot2="7" slot3="7" slot4="7" slot5="1" distance="743" global="839" monspeed="1447"/>
		<element id="313" slot1="7" slot2="7" slot3="7" slot4="7" slot5="1" distance="743" global="839" monspeed="1447"/>
		<element id="314" slot1="7" slot2="7" slot3="7" slot4="7" slot5="1" distance="743" global="839" monspeed="1447"/>
		<element id="315" slot1="7" slot2="7" slot3="7" slot4="7" slot5="1" distance="743" global="839" monspeed="1447"/>
		<element id="316" slot1="7" slot2="7" slot3="7" slot4="7" slot5="1" distance="743" global="839" monspeed="1447"/>
		<element id="317" slot1="7" slot2="7" slot3="7" slot4="7" slot5="1" distance="738" global="839" monspeed="1447"/>
		<element id="318" slot1="7" slot2="7" slot3="7" slot4="7" slot5="1" distance="738" global="839" monspeed="1447"/>
		<element id="319" slot1="7" slot2="7" slot3="7" slot4="7" slot5="1" distance="738" global="839" monspeed="1447"/>
		<element id="320" slot1="7" slot2="7" slot3="7" slot4="7" slot5="1" distance="738" global="839" monspeed="1447"/>
		<element id="321" slot1="7" slot2="7" slot3="7" slot4="7" slot5="1" distance="738" global="839" monspeed="1447"/>
		<element id="322" slot1="7" slot2="7" slot3="7" slot4="7" slot5="1" distance="738" global="839" monspeed="1447"/>
		<element id="323" slot1="7" slot2="7" slot3="7" slot4="7" slot5="1" distance="739" global="844" monspeed="1464"/>
		<element id="324" slot1="7" slot2="7" slot3="7" slot4="7" slot5="1" distance="739" global="844" monspeed="1464"/>
		<element id="325" slot1="7" slot2="7" slot3="7" slot4="7" slot5="1" distance="739" global="844" monspeed="1464"/>
		<element id="326" slot1="7" slot2="7" slot3="7" slot4="7" slot5="1" distance="739" global="844" monspeed="1464"/>
		<element id="327" slot1="7" slot2="7" slot3="7" slot4="7" slot5="1" distance="739" global="844" monspeed="1464"/>
		<element id="328" slot1="7" slot2="7" slot3="7" slot4="7" slot5="1" distance="739" global="844" monspeed="1464"/>
		<element id="329" slot1="7" slot2="7" slot3="7" slot4="7" slot5="1" distance="734" global="844" monspeed="1464"/>
		<element id="330" slot1="7" slot2="7" slot3="7" slot4="7" slot5="1" distance="734" global="844" monspeed="1464"/>
		<element id="331" slot1="7" slot2="7" slot3="7" slot4="7" slot5="1" distance="734" global="844" monspeed="1464"/>
		<element id="332" slot1="7" slot2="7" slot3="7" slot4="7" slot5="1" distance="734" global="844" monspeed="1464"/>
		<element id="333" slot1="7" slot2="7" slot3="7" slot4="7" slot5="1" distance="734" global="844" monspeed="1464"/>
		<element id="334" slot1="7" slot2="7" slot3="7" slot4="7" slot5="1" distance="734" global="849" monspeed="1481"/>
		<element id="335" slot1="7" slot2="7" slot3="7" slot4="7" slot5="1" distance="734" global="849" monspeed="1481"/>
		<element id="336" slot1="7" slot2="7" slot3="7" slot4="7" slot5="1" distance="734" global="849" monspeed="1481"/>
		<element id="337" slot1="7" slot2="7" slot3="7" slot4="7" slot5="1" distance="734" global="849" monspeed="1481"/>
		<element id="338" slot1="7" slot2="7" slot3="7" slot4="7" slot5="1" distance="734" global="849" monspeed="1481"/>
		<element id="339" slot1="7" slot2="7" slot3="7" slot4="7" slot5="1" distance="730" global="849" monspeed="1481"/>
		<element id="340" slot1="7" slot2="7" slot3="7" slot4="7" slot5="1" distance="730" global="849" monspeed="1481"/>
		<element id="341" slot1="7" slot2="7" slot3="7" slot4="7" slot5="1" distance="730" global="849" monspeed="1481"/>
		<element id="342" slot1="7" slot2="7" slot3="7" slot4="7" slot5="1" distance="730" global="849" monspeed="1481"/>
		<element id="343" slot1="7" slot2="7" slot3="7" slot4="7" slot5="1" distance="730" global="849" monspeed="1481"/>
		<element id="344" slot1="7" slot2="7" slot3="7" slot4="7" slot5="1" distance="730" global="849" monspeed="1481"/>
		<element id="345" slot1="7" slot2="7" slot3="7" slot4="7" slot5="1" distance="730" global="854" monspeed="1499"/>
		<element id="346" slot1="7" slot2="7" slot3="7" slot4="7" slot5="1" distance="730" global="854" monspeed="1499"/>
		<element id="347" slot1="7" slot2="7" slot3="7" slot4="7" slot5="1" distance="730" global="854" monspeed="1499"/>
		<element id="348" slot1="7" slot2="7" slot3="7" slot4="7" slot5="1" distance="730" global="854" monspeed="1499"/>
		<element id="349" slot1="7" slot2="7" slot3="7" slot4="7" slot5="1" distance="730" global="854" monspeed="1499"/>
		<element id="350" slot1="7" slot2="7" slot3="7" slot4="7" slot5="1" distance="726" global="854" monspeed="1499"/>
		<element id="351" slot1="7" slot2="7" slot3="7" slot4="7" slot5="1" distance="726" global="854" monspeed="1499"/>
		<element id="352" slot1="7" slot2="7" slot3="7" slot4="7" slot5="1" distance="726" global="854" monspeed="1499"/>
		<element id="353" slot1="7" slot2="7" slot3="7" slot4="7" slot5="1" distance="726" global="854" monspeed="1499"/>
		<element id="354" slot1="7" slot2="7" slot3="7" slot4="7" slot5="1" distance="726" global="854" monspeed="1499"/>
		<element id="355" slot1="7" slot2="7" slot3="7" slot4="7" slot5="1" distance="726" global="854" monspeed="1499"/>
		<element id="356" slot1="7" slot2="7" slot3="7" slot4="7" slot5="1" distance="726" global="859" monspeed="1517"/>
		<element id="357" slot1="7" slot2="7" slot3="7" slot4="7" slot5="1" distance="726" global="859" monspeed="1517"/>
		<element id="358" slot1="7" slot2="7" slot3="7" slot4="7" slot5="1" distance="726" global="859" monspeed="1517"/>
		<element id="359" slot1="7" slot2="7" slot3="7" slot4="7" slot5="1" distance="726" global="859" monspeed="1517"/>
		<element id="360" slot1="7" slot2="7" slot3="7" slot4="7" slot5="1" distance="726" global="859" monspeed="1517"/>
		<element id="361" slot1="7" slot2="7" slot3="7" slot4="7" slot5="1" distance="722" global="859" monspeed="1517"/>
		<element id="362" slot1="7" slot2="7" slot3="7" slot4="7" slot5="1" distance="722" global="859" monspeed="1517"/>
		<element id="363" slot1="7" slot2="7" slot3="7" slot4="7" slot5="1" distance="722" global="859" monspeed="1517"/>
	</elements>
</wave>